id,user_desktop,placa_mae,cpu_count,clock_1,clock_2,cpu_media_temperatura,cpu_media_percent,cpu_media_clock,memory_load,memory_use,memory_available,video_card
1,HSL017,"HP 218B",2,2394.6,2394.6,68.5,57.45,2394.6,79.3,5.3,1.4,NULL
2,HSL017,"HP 218B",2,2394.6,2394.6,67.5,33.0,2394.6,78.7,5.2,1.4,NULL
3,HSL017,"HP 218B",2,2394.6,2394.6,68.5,78.9,2394.6,79.2,5.3,1.4,NULL
4,HSL017,"HP 218B",2,2394.6,2394.6,65.5,34.2,2394.6,79.2,5.3,1.4,NULL
5,HSL017,"HP 218B",2,2394.6,2394.6,66.5,29.1,2394.6,79.2,5.3,1.4,NULL
6,HSL017,"HP 218B",2,1197.3,1197.3,66.5,31.25,1197.3,79.2,5.3,1.4,NULL
7,HSL017,"HP 218B",2,2394.6,2394.6,66.0,28.9,2394.6,79.2,5.3,1.4,NULL
8,HSL017,"HP 218B",2,2394.6,1197.3,65.5,31.45,1795.95,79.1,5.3,1.4,NULL
9,HSL017,"HP 218B",2,2394.6,2394.6,65.5,29.3,2394.6,79.1,5.3,1.4,NULL
10,HSL017,"HP 218B",2,2394.6,2394.6,66.5,34.4,2394.6,79.1,5.3,1.4,NULL
11,HSL017,"HP 218B",2,2394.6,2394.6,66.5,28.35,2394.6,79.1,5.3,1.4,NULL
12,HSL017,"HP 218B",2,1197.3,1197.3,65.5,28.5,1197.3,79.1,5.3,1.4,NULL
13,HSL017,"HP 218B",2,2394.6,2394.6,65.5,29.5,2394.6,79.1,5.3,1.4,NULL
14,HSL017,"HP 218B",2,2394.6,2394.6,64.0,34.15,2394.6,79.1,5.3,1.4,NULL
15,HSL017,"HP 218B",2,2394.6,2394.6,64.0,32.6,2394.6,79.1,5.3,1.4,NULL
16,HSL017,"HP 218B",2,2394.6,2394.6,65.0,37.9,2394.6,79.1,5.3,1.4,NULL
17,HSL017,"HP 218B",2,2394.6,2394.6,64.5,30.3,2394.6,79.1,5.3,1.4,NULL
18,HSL017,"HP 218B",2,2394.6,2394.6,64.5,32.8,2394.6,79.1,5.3,1.4,NULL
19,HSL017,"HP 218B",2,2394.6,2394.6,65.0,41.25,2394.6,78.9,5.3,1.4,NULL
20,HSL017,"HP 218B",2,2394.6,2394.6,66.5,35.75,2394.6,78.9,5.3,1.4,NULL
21,HSL017,"HP 218B",2,2394.6,2394.6,64.5,48.85,2394.6,78.9,5.3,1.4,NULL
22,HSL017,"HP 218B",2,1197.3,2394.6,66.0,45.3,1795.95,78.8,5.3,1.4,NULL
23,HSL017,"HP 218B",2,2394.6,2394.6,65.5,44.35,2394.6,78.8,5.3,1.4,NULL
24,HSL017,"HP 218B",2,1197.3,1197.3,65.0,48.65,1197.3,78.8,5.3,1.4,NULL
25,HSL017,"HP 218B",2,2394.6,2394.6,67.0,48.65,2394.6,78.8,5.2,1.4,NULL
26,HSL017,"HP 218B",2,2394.6,1197.3,64.5,53.9,1795.95,79.2,5.3,1.4,NULL
27,HSL017,"HP 218B",2,2394.6,2394.6,65.5,40.05,2394.6,79.1,5.3,1.4,NULL
28,HSL017,"HP 218B",2,2394.6,2394.6,67.0,59.35,2394.6,79.5,5.3,1.4,NULL
29,HSL017,"HP 218B",2,2394.6,2394.6,67.0,51.0,2394.6,79.6,5.3,1.4,NULL
30,HSL017,"HP 218B",2,2394.6,2394.6,66.5,72.45,2394.6,80.3,5.3,1.3,NULL
31,HSL017,"HP 218B",2,2394.6,2394.6,69.0,69.5,2394.6,80.2,5.3,1.3,NULL
32,HSL017,"HP 218B",2,2394.6,2394.6,68.5,100.0,2394.6,80.8,5.4,1.3,NULL
33,HSL017,"HP 218B",2,2394.6,2394.6,68.5,82.4,2394.6,81.2,5.4,1.3,NULL
34,HSL017,"HP 218B",2,2394.6,2394.6,69.5,77.15,2394.6,80.8,5.4,1.3,NULL
35,HSL017,"HP 218B",2,2394.6,2394.6,69.0,100.0,2394.6,81.3,5.4,1.2,NULL
36,HSL017,"HP 218B",2,2394.6,2394.6,69.0,99.8,2394.6,81.7,5.4,1.2,NULL
37,HSL017,"HP 218B",2,2394.6,2394.6,69.0,95.7,2394.6,81.8,5.4,1.2,NULL
38,HSL017,"HP 218B",2,2394.6,2394.6,69.0,100.0,2394.6,82.5,5.5,1.2,NULL
39,HSL017,"HP 218B",2,2394.6,2394.6,70.0,99.2,2394.6,82.9,5.5,1.1,NULL
40,HSL017,"HP 218B",2,2394.6,2394.6,70.0,99.4,2394.6,83.2,5.5,1.1,NULL
41,HSL017,"HP 218B",2,2394.6,2394.6,70.5,100.0,2394.6,83.0,5.5,1.1,NULL
42,HSL017,"HP 218B",2,2394.6,2394.6,70.0,100.0,2394.6,83.4,5.6,1.1,NULL
43,HSL017,"HP 218B",2,2394.6,2394.6,69.0,98.05,2394.6,83.4,5.6,1.1,NULL
44,HSL017,"HP 218B",2,2394.6,2394.6,70.0,100.0,2394.6,83.7,5.6,1.1,NULL
45,HSL017,"HP 218B",2,2394.6,2394.6,70.0,100.0,2394.6,84.2,5.6,1.1,NULL
46,HSL017,"HP 218B",2,2394.6,2394.6,69.5,100.0,2394.6,84.6,5.6,1.0,NULL
47,HSL017,"HP 218B",2,2394.6,2394.6,69.5,100.0,2394.6,84.8,5.7,1.0,NULL
48,HSL017,"HP 218B",2,2394.6,2394.6,69.5,100.0,2394.6,85.3,5.7,1.0,NULL
49,HSL017,"HP 218B",2,2394.6,2394.6,70.5,100.0,2394.6,85.7,5.7,1.0,NULL
50,HSL017,"HP 218B",2,2394.6,2394.6,70.5,100.0,2394.6,85.9,5.7,0.9,NULL
51,HSL017,"HP 218B",2,2394.6,2394.6,71.0,100.0,2394.6,85.5,5.7,1.0,NULL
52,HSL017,"HP 218B",2,2394.6,2394.6,70.5,100.0,2394.6,85.8,5.7,0.9,NULL
53,HSL017,"HP 218B",2,2394.6,2394.6,70.5,100.0,2394.6,85.7,5.7,1.0,NULL
54,HSL017,"HP 218B",2,2394.6,2394.6,70.5,100.0,2394.6,86.0,5.7,0.9,NULL
55,HSL017,"HP 218B",2,2394.6,2394.6,70.5,100.0,2394.6,86.1,5.7,0.9,NULL
56,HSL017,"HP 218B",2,2394.6,2394.6,71.0,100.0,2394.6,86.3,5.7,0.9,NULL
57,HSL017,"HP 218B",2,2394.6,2394.6,71.5,100.0,2394.6,86.6,5.8,0.9,NULL
58,HSL017,"HP 218B",2,2394.6,2394.6,71.0,100.0,2394.6,86.6,5.8,0.9,NULL
59,HSL017,"HP 218B",2,2394.6,2394.6,71.0,100.0,2394.6,87.1,5.8,0.9,NULL
60,HSL017,"HP 218B",2,2394.6,2394.6,71.0,100.0,2394.6,87.1,5.8,0.9,NULL
61,HSL017,"HP 218B",2,2394.6,2394.6,71.5,99.8,2394.6,87.4,5.8,0.8,NULL
62,HSL017,"HP 218B",2,2394.6,2394.6,72.5,98.6,2394.6,87.1,5.8,0.9,NULL
63,HSL017,"HP 218B",2,2394.6,2394.6,72.5,96.7,2394.6,87.3,5.8,0.8,NULL
64,HSL017,"HP 218B",2,2394.6,2394.6,72.0,96.5,2394.6,87.5,5.8,0.8,NULL
65,HSL017,"HP 218B",2,2394.6,2394.6,72.0,82.45,2394.6,87.5,5.8,0.8,NULL
66,HSL017,"HP 218B",2,2394.6,2394.6,71.5,79.1,2394.6,87.3,5.8,0.8,NULL
67,HSL017,"HP 218B",2,2394.6,2394.6,70.5,80.5,2394.6,87.1,5.8,0.9,NULL
68,HSL017,"HP 218B",2,2394.6,2394.6,72.0,80.65,2394.6,87.2,5.8,0.9,NULL
69,HSL017,"HP 218B",2,2394.6,1197.3,66.0,46.1,1795.95,65.9,4.4,2.3,NULL
70,HSL017,"HP 218B",2,2394.6,2394.6,67.5,52.15,2394.6,66.4,4.4,2.2,NULL
71,HSL017,"HP 218B",2,2394.6,2394.6,67.0,62.5,2394.6,78.1,5.2,1.5,NULL
72,HSL017,"HP 218B",2,2394.6,2394.6,67.5,60.9,2394.6,78.1,5.2,1.5,NULL
73,HSL017,"HP 218B",2,2394.6,2394.6,69.5,40.6,2394.6,78.0,5.2,1.5,NULL
74,HSL017,"HP 218B",2,2394.6,2394.6,66.0,44.35,2394.6,78.0,5.2,1.5,NULL
75,HSL017,"HP 218B",2,2394.6,2394.6,71.5,72.45,2394.6,89.1,5.9,0.7,NULL
76,HSL017,"HP 218B",2,2394.6,2394.6,71.5,59.8,2394.6,88.5,5.9,0.8,NULL
77,HSL017,"HP 218B",2,2394.6,2394.6,70.0,46.7,2394.6,88.4,5.9,0.8,NULL
78,HSL017,"HP 218B",2,2394.6,2394.6,70.0,53.1,2394.6,88.2,5.9,0.8,NULL
79,HSL017,"HP 218B",2,1197.3,2394.6,68.5,53.5,1795.95,88.4,5.9,0.8,NULL
80,HSL017,"HP 218B",2,2394.6,2394.6,71.5,69.35,2394.6,88.0,5.9,0.8,NULL
81,HSL017,"HP 218B",2,2394.6,2394.6,72.0,72.85,2394.6,87.9,5.9,0.8,NULL
82,HSL017,"HP 218B",2,2394.6,2394.6,71.0,51.2,2394.6,87.9,5.9,0.8,NULL
83,HSL017,"HP 218B",2,2394.6,2394.6,72.5,46.1,2394.6,87.9,5.9,0.8,NULL
84,HSL017,"HP 218B",2,2394.6,2394.6,69.5,52.7,2394.6,87.8,5.8,0.8,NULL
85,HSL017,"HP 218B",2,2394.6,2394.6,71.0,64.85,2394.6,88.6,5.9,0.8,NULL
86,HSL017,"HP 218B",2,2394.6,2394.6,69.0,50.2,2394.6,88.5,5.9,0.8,NULL
87,HSL017,"HP 218B",2,2394.6,2394.6,70.5,52.55,2394.6,88.5,5.9,0.8,NULL
88,HSL017,"HP 218B",2,2394.6,2394.6,69.5,44.15,2394.6,87.8,5.9,0.8,NULL
89,HSL017,"HP 218B",2,2394.6,2394.6,70.5,63.3,2394.6,88.1,5.9,0.8,NULL
90,HSL017,"HP 218B",2,2394.6,2394.6,71.0,56.45,2394.6,88.7,5.9,0.8,NULL
91,HSL017,"HP 218B",2,2394.6,2394.6,69.5,43.6,2394.6,87.9,5.9,0.8,NULL
92,HSL017,"HP 218B",2,1197.3,2394.6,70.5,53.1,1795.95,88.4,5.9,0.8,NULL
93,HSL017,"HP 218B",2,2394.6,2394.6,71.0,45.15,2394.6,88.5,5.9,0.8,NULL
94,HSL017,"HP 218B",2,2394.6,2394.6,72.0,72.85,2394.6,87.9,5.9,0.8,NULL
95,HSL017,"HP 218B",2,2394.6,2394.6,71.0,68.8,2394.6,88.2,5.9,0.8,NULL
96,HSL017,"HP 218B",2,2394.6,2394.6,69.5,49.05,2394.6,88.0,5.9,0.8,NULL
97,HSL017,"HP 218B",2,2394.6,2394.6,72.5,60.0,2394.6,88.7,5.9,0.8,NULL
98,HSL017,"HP 218B",2,2394.6,2394.6,70.5,37.3,2394.6,88.9,5.9,0.7,NULL
99,HSL017,"HP 218B",2,2394.6,2394.6,70.5,32.05,2394.6,88.2,5.9,0.8,NULL
100,HSL017,"HP 218B",2,2394.6,2394.6,70.0,54.7,2394.6,88.1,5.9,0.8,NULL
101,HSL017,"HP 218B",2,2394.6,2394.6,70.5,46.7,2394.6,88.0,5.9,0.8,NULL
102,HSL017,"HP 218B",2,2394.6,2394.6,71.5,72.25,2394.6,87.1,5.8,0.9,NULL
103,HSL017,"HP 218B",2,2394.6,2394.6,70.5,36.5,2394.6,87.1,5.8,0.9,NULL
104,HSL017,"HP 218B",2,2394.6,2394.6,70.5,59.0,2394.6,87.0,5.8,0.9,NULL
105,HSL017,"HP 218B",2,2394.6,2394.6,69.0,49.2,2394.6,87.6,5.8,0.8,NULL
106,HSL017,"HP 218B",2,1197.3,1197.3,69.5,33.4,1197.3,87.0,5.8,0.9,NULL
107,HSL017,"HP 218B",2,2394.6,2394.6,68.0,54.1,2394.6,87.2,5.8,0.9,NULL
108,HSL017,"HP 218B",2,2394.6,2394.6,72.5,94.9,2394.6,87.8,5.8,0.8,NULL
109,HSL017,"HP 218B",2,2394.6,2394.6,71.0,86.3,2394.6,88.1,5.9,0.8,NULL
110,HSL017,"HP 218B",2,2394.6,2394.6,72.5,88.5,2394.6,88.5,5.9,0.8,NULL
111,HSL017,"HP 218B",2,2394.6,2394.6,72.0,70.5,2394.6,88.2,5.9,0.8,NULL
112,HSL017,"HP 218B",2,2394.6,2394.6,72.0,64.85,2394.6,88.0,5.9,0.8,NULL
113,HSL017,"HP 218B",2,1197.3,1197.3,70.0,66.0,1197.3,88.0,5.9,0.8,NULL
114,HSL017,"HP 218B",2,2394.6,2394.6,72.0,74.4,2394.6,87.8,5.8,0.8,NULL
115,HSL017,"HP 218B",2,2394.6,2394.6,72.5,77.55,2394.6,88.3,5.9,0.8,NULL
116,HSL017,"HP 218B",2,2394.6,2394.6,73.5,93.95,2394.6,88.5,5.9,0.8,NULL
117,HSL017,"HP 218B",2,2394.6,2394.6,73.5,86.5,2394.6,88.6,5.9,0.8,NULL
118,HSL017,"HP 218B",2,2394.6,2394.6,73.5,73.65,2394.6,88.6,5.9,0.8,NULL
119,HSL017,"HP 218B",2,2394.6,2394.6,74.0,78.1,2394.6,88.3,5.9,0.8,NULL
120,HSL017,"HP 218B",2,2394.6,2394.6,73.5,69.9,2394.6,88.3,5.9,0.8,NULL
121,HSL017,"HP 218B",2,2394.6,2394.6,74.0,71.1,2394.6,88.3,5.9,0.8,NULL
122,HSL017,"HP 218B",2,2394.6,2394.6,73.0,98.4,2394.6,88.3,5.9,0.8,NULL
123,HSL017,"HP 218B",2,2394.6,2394.6,74.0,92.6,2394.6,88.4,5.9,0.8,NULL
124,HSL017,"HP 218B",2,2394.6,2394.6,74.5,89.1,2394.6,88.5,5.9,0.8,NULL
125,HSL017,"HP 218B",2,2394.6,2394.6,71.5,61.15,2394.6,88.3,5.9,0.8,NULL
126,HSL017,"HP 218B",2,2394.6,2394.6,74.0,54.1,2394.6,88.2,5.9,0.8,NULL
127,HSL017,"HP 218B",2,2394.6,2394.6,74.0,84.0,2394.6,88.3,5.9,0.8,NULL
128,HSL017,"HP 218B",2,2394.6,2394.6,73.0,69.35,2394.6,88.5,5.9,0.8,NULL
129,HSL017,"HP 218B",2,2394.6,2394.6,75.0,89.05,2394.6,88.3,5.9,0.8,NULL
130,HSL017,"HP 218B",2,2394.6,2394.6,74.5,78.7,2394.6,88.2,5.9,0.8,NULL
131,HSL017,"HP 218B",2,2394.6,2394.6,74.0,70.7,2394.6,88.2,5.9,0.8,NULL
132,HSL017,"HP 218B",2,1197.3,2394.6,72.5,55.9,1795.95,88.1,5.9,0.8,NULL
133,HSL017,"HP 218B",2,2394.6,2394.6,74.0,75.2,2394.6,88.1,5.9,0.8,NULL
134,HSL017,"HP 218B",2,2394.6,2394.6,75.5,71.3,2394.6,88.3,5.9,0.8,NULL
135,HSL017,"HP 218B",2,2394.6,2394.6,74.5,83.6,2394.6,88.3,5.9,0.8,NULL
136,HSL017,"HP 218B",2,2394.6,2394.6,75.5,81.45,2394.6,88.3,5.9,0.8,NULL
137,HSL017,"HP 218B",2,2394.6,2394.6,74.5,81.65,2394.6,88.1,5.9,0.8,NULL
138,HSL017,"HP 218B",2,2394.6,2394.6,73.5,78.3,2394.6,88.1,5.9,0.8,NULL
139,HSL017,"HP 218B",2,2394.6,2394.6,75.0,76.95,2394.6,88.4,5.9,0.8,NULL
140,HSL017,"HP 218B",2,2394.6,2394.6,75.0,93.0,2394.6,88.3,5.9,0.8,NULL
141,HSL017,"HP 218B",2,2394.6,2394.6,73.5,66.2,2394.6,88.2,5.9,0.8,NULL
142,HSL017,"HP 218B",2,1197.3,2394.6,74.5,77.55,1795.95,88.2,5.9,0.8,NULL
143,HSL017,"HP 218B",2,2394.6,2394.6,75.5,99.8,2394.6,88.2,5.9,0.8,NULL
144,HSL017,"HP 218B",2,2394.6,2394.6,73.5,89.85,2394.6,88.1,5.9,0.8,NULL
145,HSL017,"HP 218B",2,2394.6,2394.6,75.0,78.3,2394.6,88.5,5.9,0.8,NULL
146,HSL017,"HP 218B",2,2394.6,2394.6,73.0,73.8,2394.6,88.2,5.9,0.8,NULL
147,HSL017,"HP 218B",2,2394.6,2394.6,73.0,73.8,2394.6,88.2,5.9,0.8,NULL
148,HSL017,"HP 218B",2,2394.6,2394.6,73.0,63.3,2394.6,88.4,5.9,0.8,NULL
149,HSL017,"HP 218B",2,2394.6,2394.6,76.0,74.0,2394.6,88.2,5.9,0.8,NULL
150,HSL017,"HP 218B",2,2394.6,2394.6,74.5,88.65,2394.6,88.2,5.9,0.8,NULL
151,HSL017,"HP 218B",2,2394.6,2394.6,76.5,69.95,2394.6,88.3,5.9,0.8,NULL
152,HSL017,"HP 218B",2,2394.6,2394.6,76.0,100.0,2394.6,87.3,5.8,0.8,NULL
153,HSL017,"HP 218B",2,2394.6,2394.6,75.5,100.0,2394.6,88.3,5.9,0.8,NULL
154,HSL017,"HP 218B",2,2394.6,2394.6,76.0,72.25,2394.6,88.3,5.9,0.8,NULL
155,HSL017,"HP 218B",2,2394.6,2394.6,74.0,42.55,2394.6,88.2,5.9,0.8,NULL
156,HSL017,"HP 218B",2,2394.6,2394.6,74.0,56.85,2394.6,88.0,5.9,0.8,NULL
157,HSL017,"HP 218B",2,2394.6,2394.6,74.5,44.5,2394.6,88.0,5.9,0.8,NULL
158,HSL017,"HP 218B",2,2394.6,2394.6,71.0,53.15,2394.6,88.5,5.9,0.8,NULL
159,HSL017,"HP 218B",2,2394.6,2394.6,72.5,59.0,2394.6,88.5,5.9,0.8,NULL
160,HSL017,"HP 218B",2,2394.6,2394.6,72.5,43.45,2394.6,87.9,5.9,0.8,NULL
161,HSL017,"HP 218B",2,2394.6,2394.6,71.5,49.0,2394.6,87.3,5.8,0.8,NULL
162,HSL017,"HP 218B",2,2394.6,2394.6,72.0,27.7,2394.6,87.5,5.8,0.8,NULL
163,HSL017,"HP 218B",2,1197.3,2394.6,70.5,33.8,1795.95,87.4,5.8,0.8,NULL
164,HSL017,"HP 218B",2,2394.6,2394.6,71.5,37.7,2394.6,87.5,5.8,0.8,NULL
165,HSL017,"HP 218B",2,2394.6,2394.6,70.5,43.2,2394.6,88.0,5.9,0.8,NULL
166,HSL017,"HP 218B",2,2394.6,2394.6,72.5,38.5,2394.6,87.6,5.8,0.8,NULL
167,HSL017,"HP 218B",2,2394.6,2394.6,72.5,48.25,2394.6,87.7,5.8,0.8,NULL
168,HSL017,"HP 218B",2,2394.6,2394.6,72.0,34.75,2394.6,88.1,5.9,0.8,NULL
169,HSL017,"HP 218B",2,2394.6,2394.6,73.0,50.4,2394.6,87.9,5.9,0.8,NULL
170,HSL017,"HP 218B",2,2394.6,2394.6,73.5,83.4,2394.6,88.8,5.9,0.7,NULL
171,HSL017,"HP 218B",2,2394.6,2394.6,72.5,47.65,2394.6,88.1,5.9,0.8,NULL
172,HSL017,"HP 218B",2,2394.6,2394.6,73.0,77.95,2394.6,88.4,5.9,0.8,NULL
173,HSL017,"HP 218B",2,2394.6,2394.6,72.5,60.15,2394.6,88.7,5.9,0.8,NULL
174,HSL017,"HP 218B",2,2394.6,2394.6,71.5,44.35,2394.6,88.8,5.9,0.7,NULL
175,HSL017,"HP 218B",2,2394.6,2394.6,73.5,63.5,2394.6,89.9,6.0,0.7,NULL
176,HSL017,"HP 218B",2,2394.6,2394.6,73.5,48.85,2394.6,89.6,6.0,0.7,NULL
177,HSL017,"HP 218B",2,2394.6,2394.6,73.0,61.7,2394.6,89.7,6.0,0.7,NULL
178,HSL017,"HP 218B",2,2394.6,2394.6,74.0,58.2,2394.6,89.8,6.0,0.7,NULL
179,HSL017,"HP 218B",2,2394.6,2394.6,73.0,48.65,2394.6,89.8,6.0,0.7,NULL
180,HSL017,"HP 218B",2,2394.6,2394.6,73.0,64.45,2394.6,89.6,6.0,0.7,NULL
181,HSL017,"HP 218B",2,2394.6,2394.6,74.0,75.6,2394.6,89.7,6.0,0.7,NULL
182,HSL017,"HP 218B",2,2394.6,2394.6,75.5,77.5,2394.6,89.7,6.0,0.7,NULL
183,HSL017,"HP 218B",2,2394.6,2394.6,74.5,82.85,2394.6,89.4,6.0,0.7,NULL
184,HSL017,"HP 218B",2,2394.6,2394.6,73.5,38.25,2394.6,89.0,5.9,0.7,NULL
185,HSL017,"HP 218B",2,2394.6,2394.6,73.5,49.8,2394.6,89.8,6.0,0.7,NULL
186,HSL017,"HP 218B",2,2394.6,2394.6,73.5,73.05,2394.6,89.4,6.0,0.7,NULL
187,HSL017,"HP 218B",2,2394.6,2394.6,73.0,43.0,2394.6,89.3,6.0,0.7,NULL
188,HSL017,"HP 218B",2,2394.6,2394.6,72.0,33.05,2394.6,89.2,5.9,0.7,NULL
189,HSL017,"HP 218B",2,2394.6,2394.6,72.5,45.75,2394.6,88.9,5.9,0.7,NULL
190,HSL017,"HP 218B",2,2394.6,2394.6,73.0,49.0,2394.6,88.8,5.9,0.7,NULL
191,HSL017,"HP 218B",2,2394.6,2394.6,74.0,50.0,2394.6,89.0,5.9,0.7,NULL
192,HSL017,"HP 218B",2,2394.6,2394.6,73.5,51.6,2394.6,89.1,5.9,0.7,NULL
193,HSL017,"HP 218B",2,2394.6,2394.6,74.0,46.7,2394.6,88.8,5.9,0.7,NULL
194,HSL017,"HP 218B",2,2394.6,2394.6,72.5,36.95,2394.6,89.0,5.9,0.7,NULL
195,HSL017,"HP 218B",2,2394.6,2394.6,73.5,42.35,2394.6,89.0,5.9,0.7,NULL
196,HSL017,"HP 218B",2,2394.6,2394.6,71.5,45.1,2394.6,88.8,5.9,0.7,NULL
197,HSL017,"HP 218B",2,2394.6,2394.6,72.0,38.5,2394.6,88.9,5.9,0.7,NULL
198,HSL017,"HP 218B",2,2394.6,2394.6,73.0,44.35,2394.6,89.0,5.9,0.7,NULL
199,HSL017,"HP 218B",2,2394.6,2394.6,72.0,45.7,2394.6,89.0,5.9,0.7,NULL
200,HSL017,"HP 218B",2,2394.6,2394.6,72.5,40.6,2394.6,89.0,5.9,0.7,NULL
201,HSL017,"HP 218B",2,2394.6,2394.6,72.0,45.3,2394.6,89.0,5.9,0.7,NULL
202,HSL017,"HP 218B",2,2394.6,2394.6,71.0,44.15,2394.6,89.0,5.9,0.7,NULL
203,HSL017,"HP 218B",2,2394.6,2394.6,73.0,58.0,2394.6,89.0,5.9,0.7,NULL
204,HSL017,"HP 218B",2,2394.6,2394.6,71.0,65.05,2394.6,89.5,6.0,0.7,NULL
205,HSL017,"HP 218B",2,2394.6,2394.6,72.0,51.8,2394.6,89.3,5.9,0.7,NULL
206,HSL017,"HP 218B",2,2394.6,2394.6,72.5,80.3,2394.6,89.2,5.9,0.7,NULL
207,HSL017,"HP 218B",2,2394.6,2394.6,72.5,79.3,2394.6,89.6,6.0,0.7,NULL
208,HSL017,"HP 218B",2,2394.6,2394.6,72.5,50.0,2394.6,89.1,5.9,0.7,NULL
209,HSL017,"HP 218B",2,2394.6,2394.6,73.0,41.0,2394.6,88.8,5.9,0.7,NULL
210,HSL017,"HP 218B",2,2394.6,2394.6,73.0,59.55,2394.6,89.0,5.9,0.7,NULL
211,HSL017,"HP 218B",2,2394.6,2394.6,72.5,50.4,2394.6,89.1,5.9,0.7,NULL
212,HSL017,"HP 218B",2,2394.6,2394.6,72.0,57.05,2394.6,89.0,5.9,0.7,NULL
213,HSL017,"HP 218B",2,2394.6,2394.6,73.0,59.95,2394.6,88.9,5.9,0.7,NULL
214,HSL017,"HP 218B",2,2394.6,2394.6,72.0,59.0,2394.6,89.5,6.0,0.7,NULL
215,HSL017,"HP 218B",2,2394.6,2394.6,71.0,53.35,2394.6,89.4,6.0,0.7,NULL
216,HSL017,"HP 218B",2,2394.6,2394.6,72.5,54.5,2394.6,89.5,6.0,0.7,NULL
217,HSL017,"HP 218B",2,2394.6,2394.6,72.0,53.9,2394.6,89.2,5.9,0.7,NULL
218,HSL017,"HP 218B",2,2394.6,2394.6,72.0,45.5,2394.6,89.2,5.9,0.7,NULL
219,HSL017,"HP 218B",2,2394.6,2394.6,70.5,46.45,2394.6,89.4,6.0,0.7,NULL
220,HSL017,"HP 218B",2,2394.6,2394.6,72.5,50.8,2394.6,88.7,5.9,0.8,NULL
221,HSL017,"HP 218B",2,2394.5,1197.3,71.0,49.05,1795.9,89.0,5.9,0.7,NULL
222,HSL017,"HP 218B",2,2394.6,2394.6,73.0,59.15,2394.6,89.2,5.9,0.7,NULL
223,HSL017,"HP 218B",2,2394.6,2394.6,71.0,52.7,2394.6,89.2,5.9,0.7,NULL
224,HSL017,"HP 218B",2,2394.6,1197.3,70.0,43.95,1795.95,89.1,5.9,0.7,NULL
225,HSL017,"HP 218B",2,2394.6,2394.6,71.5,40.65,2394.6,88.8,5.9,0.7,NULL
226,HSL017,"HP 218B",2,2394.6,2394.6,70.5,51.2,2394.6,89.0,5.9,0.7,NULL
227,HSL017,"HP 218B",2,2394.6,2394.6,70.5,42.8,2394.6,88.8,5.9,0.7,NULL
228,HSL017,"HP 218B",2,2394.6,2394.6,70.5,27.75,2394.6,88.8,5.9,0.7,NULL
229,HSL017,"HP 218B",2,2394.6,2394.6,70.5,50.6,2394.6,89.0,5.9,0.7,NULL
230,HSL017,"HP 218B",2,2394.6,1197.3,71.5,65.05,1795.95,89.1,5.9,0.7,NULL
231,HSL017,"HP 218B",2,2394.6,2394.6,72.0,66.0,2394.6,89.1,5.9,0.7,NULL
232,HSL017,"HP 218B",2,2394.6,2394.6,70.5,47.1,2394.6,89.1,5.9,0.7,NULL
233,HSL017,"HP 218B",2,2394.6,2394.6,72.0,49.2,2394.6,89.0,5.9,0.7,NULL
234,HSL017,"HP 218B",2,2394.6,2394.6,71.0,46.1,2394.6,89.1,5.9,0.7,NULL
235,HSL017,"HP 218B",2,2394.6,2394.6,71.5,59.6,2394.6,89.3,5.9,0.7,NULL
236,HSL017,"HP 218B",2,2394.6,2394.6,70.5,55.5,2394.6,89.1,5.9,0.7,NULL
237,HSL017,"HP 218B",2,2394.6,2394.6,70.5,44.35,2394.6,89.0,5.9,0.7,NULL
238,HSL017,"HP 218B",2,2394.6,2394.6,71.5,39.45,2394.6,88.9,5.9,0.7,NULL
239,HSL017,"HP 218B",2,2394.6,2394.6,72.5,61.9,2394.6,89.0,5.9,0.7,NULL
240,HSL017,"HP 218B",2,2394.6,2394.6,72.0,54.1,2394.6,89.0,5.9,0.7,NULL
241,HSL017,"HP 218B",2,2394.6,2394.6,73.0,55.7,2394.6,89.1,5.9,0.7,NULL
242,HSL017,"HP 218B",2,2394.6,2394.6,73.5,78.9,2394.6,89.8,6.0,0.7,NULL
243,HSL017,"HP 218B",2,2394.6,2394.6,73.0,58.0,2394.6,88.7,5.9,0.8,NULL
244,HSL017,"HP 218B",2,2394.6,2394.6,74.0,91.2,2394.6,88.5,5.9,0.8,NULL
245,HSL017,"HP 218B",2,2394.6,2394.6,73.5,72.3,2394.6,88.8,5.9,0.7,NULL
246,HSL017,"HP 218B",2,2394.6,2394.6,71.5,42.2,2394.6,88.7,5.9,0.8,NULL
247,HSL017,"HP 218B",2,2394.6,2394.6,71.5,49.4,2394.6,88.5,5.9,0.8,NULL
248,HSL017,"HP 218B",2,2394.6,2394.6,73.5,41.4,2394.6,88.2,5.9,0.8,NULL
249,HSL017,"HP 218B",2,2394.6,2394.6,72.0,35.55,2394.6,88.1,5.9,0.8,NULL
250,HSL017,"HP 218B",2,2394.6,2394.6,70.5,37.9,2394.6,88.0,5.9,0.8,NULL
251,HSL017,"HP 218B",2,2394.6,2394.6,73.0,68.0,2394.6,88.2,5.9,0.8,NULL
252,HSL017,"HP 218B",2,2394.6,2394.6,71.0,54.5,2394.6,88.2,5.9,0.8,NULL
253,HSL017,"HP 218B",2,2394.6,1197.3,71.5,59.6,1795.95,88.2,5.9,0.8,NULL
254,HSL017,"HP 218B",2,2394.6,2394.6,72.5,42.6,2394.6,88.1,5.9,0.8,NULL
255,HSL017,"HP 218B",2,2394.6,2394.6,73.0,73.05,2394.6,88.3,5.9,0.8,NULL
256,HSL017,"HP 218B",2,2394.6,2394.6,71.0,46.85,2394.6,88.6,5.9,0.8,NULL
257,HSL017,"HP 218B",2,2394.6,2394.6,72.5,52.7,2394.6,88.6,5.9,0.8,NULL
258,HSL017,"HP 218B",2,2394.6,2394.6,72.5,53.9,2394.6,88.7,5.9,0.8,NULL
259,HSL017,"HP 218B",2,2394.6,2394.6,71.0,46.65,2394.6,88.8,5.9,0.7,NULL
260,HSL017,"HP 218B",2,2394.6,2394.6,70.0,49.6,2394.6,88.6,5.9,0.8,NULL
261,HSL017,"HP 218B",2,2394.6,2394.6,72.0,46.3,2394.6,88.6,5.9,0.8,NULL
262,HSL017,"HP 218B",2,2394.6,2394.6,71.5,40.6,2394.6,88.6,5.9,0.8,NULL
263,HSL017,"HP 218B",2,2394.6,2394.6,71.5,54.5,2394.6,88.8,5.9,0.7,NULL
264,HSL017,"HP 218B",2,2394.6,2394.6,72.5,71.3,2394.6,88.6,5.9,0.8,NULL
265,HSL017,"HP 218B",2,2394.6,2394.6,72.5,52.55,2394.6,88.6,5.9,0.8,NULL
266,HSL017,"HP 218B",2,2394.6,2394.6,71.5,38.85,2394.6,88.6,5.9,0.8,NULL
267,HSL017,"HP 218B",2,2394.6,2394.6,73.0,72.25,2394.6,88.8,5.9,0.7,NULL
268,HSL017,"HP 218B",2,2394.6,2394.6,73.0,77.7,2394.6,89.0,5.9,0.7,NULL
269,HSL017,"HP 218B",2,2394.6,2394.6,71.5,78.3,2394.6,89.1,5.9,0.7,NULL
270,HSL017,"HP 218B",2,2394.6,2394.6,73.5,76.35,2394.6,89.5,6.0,0.7,NULL
271,HSL017,"HP 218B",2,2394.6,1197.3,71.5,39.25,1795.95,88.9,5.9,0.7,NULL
272,HSL017,"HP 218B",2,2394.6,2394.6,71.0,44.35,2394.6,88.8,5.9,0.7,NULL
273,HSL017,"HP 218B",2,2394.6,2394.6,72.0,43.55,2394.6,88.8,5.9,0.7,NULL
274,HSL017,"HP 218B",2,2394.6,2394.6,71.5,62.9,2394.6,89.5,6.0,0.7,NULL
275,HSL017,"HP 218B",2,2394.6,2394.6,74.0,92.2,2394.6,89.9,6.0,0.7,NULL
276,HSL017,"HP 218B",2,2394.6,2394.6,74.0,60.35,2394.6,89.6,6.0,0.7,NULL
277,HSL017,"HP 218B",2,2394.6,2394.6,73.5,53.5,2394.6,89.0,5.9,0.7,NULL
278,HSL017,"HP 218B",2,2394.6,2394.6,73.5,70.7,2394.6,89.0,5.9,0.7,NULL
279,HSL017,"HP 218B",2,2394.6,2394.6,73.0,60.35,2394.6,88.9,5.9,0.7,NULL
280,HSL017,"HP 218B",2,2394.6,2394.6,72.0,55.3,2394.6,88.9,5.9,0.7,NULL
281,HSL017,"HP 218B",2,2394.6,2394.6,73.0,56.25,2394.6,89.0,5.9,0.7,NULL
282,HSL017,"HP 218B",2,2394.6,2394.6,73.0,62.3,2394.6,89.0,5.9,0.7,NULL
283,HSL017,"HP 218B",2,2394.6,2394.6,73.5,83.75,2394.6,89.6,6.0,0.7,NULL
284,HSL017,"HP 218B",2,2394.6,2394.6,73.5,62.5,2394.6,89.6,6.0,0.7,NULL
285,HSL017,"HP 218B",2,2394.6,2394.6,74.0,91.4,2394.6,89.7,6.0,0.7,NULL
286,HSL017,"HP 218B",2,2394.6,2394.6,73.5,78.5,2394.6,89.6,6.0,0.7,NULL
287,HSL017,"HP 218B",2,2394.6,2394.6,73.0,57.05,2394.6,89.6,6.0,0.7,NULL
288,HSL017,"HP 218B",2,2394.6,2394.6,73.0,85.55,2394.6,89.7,6.0,0.7,NULL
289,HSL017,"HP 218B",2,2394.6,2394.6,74.0,76.55,2394.6,89.7,6.0,0.7,NULL
290,HSL017,"HP 218B",2,2394.6,2394.6,74.5,79.1,2394.6,89.6,6.0,0.7,NULL
291,HSL017,"HP 218B",2,2394.6,2394.6,73.0,71.5,2394.6,89.6,6.0,0.7,NULL
292,HSL017,"HP 218B",2,2394.6,2394.6,74.5,73.25,2394.6,89.6,6.0,0.7,NULL
293,HSL017,"HP 218B",2,2394.6,2394.6,74.5,80.1,2394.6,89.7,6.0,0.7,NULL
294,HSL017,"HP 218B",2,2394.6,2394.6,74.5,76.6,2394.6,89.8,6.0,0.7,NULL
295,HSL017,"HP 218B",2,2394.6,2394.6,74.5,79.7,2394.6,89.6,6.0,0.7,NULL
296,HSL017,"HP 218B",2,2394.6,2394.6,74.5,75.4,2394.6,89.7,6.0,0.7,NULL
297,HSL017,"HP 218B",2,2394.6,2394.6,73.5,59.0,2394.6,89.1,5.9,0.7,NULL
298,HSL017,"HP 218B",2,2394.6,2394.6,72.5,55.9,2394.6,89.2,5.9,0.7,NULL
299,HSL017,"HP 218B",2,2394.5,2394.5,73.0,59.4,2394.5,89.0,5.9,0.7,NULL
300,HSL017,"HP 218B",2,2394.6,2394.6,72.0,49.4,2394.6,89.0,5.9,0.7,NULL
301,HSL017,"HP 218B",2,2394.6,2394.6,74.5,58.2,2394.6,89.0,5.9,0.7,NULL
302,HSL017,"HP 218B",2,2394.6,2394.6,73.5,59.55,2394.6,88.9,5.9,0.7,NULL
303,HSL017,"HP 218B",2,2394.6,2394.6,72.5,51.15,2394.6,88.9,5.9,0.7,NULL
304,HSL017,"HP 218B",2,2394.6,2394.6,73.5,50.2,2394.6,88.9,5.9,0.7,NULL
305,HSL017,"HP 218B",2,2394.6,2394.6,72.0,58.2,2394.6,88.9,5.9,0.7,NULL
306,HSL017,"HP 218B",2,2394.6,2394.6,73.5,82.05,2394.6,90.9,6.1,0.6,NULL
307,HSL017,"HP 218B",2,2394.6,2394.6,74.5,91.2,2394.6,91.9,6.1,0.5,NULL
308,HSL017,"HP 218B",2,2394.6,2394.6,75.0,93.4,2394.6,92.0,6.1,0.5,NULL
309,HSL017,"HP 218B",2,2394.6,2394.6,73.5,72.85,2394.6,90.7,6.0,0.6,NULL
310,HSL017,"HP 218B",2,2394.6,2394.6,73.0,51.55,2394.6,90.4,6.0,0.6,NULL
311,HSL017,"HP 218B",2,2394.6,2394.6,73.5,68.55,2394.6,91.2,6.1,0.6,NULL
312,HSL017,"HP 218B",2,2394.6,2394.6,74.5,63.85,2394.6,89.5,6.0,0.7,NULL
313,HSL017,"HP 218B",2,2394.6,2394.6,74.5,90.6,2394.6,90.1,6.0,0.7,NULL
314,HSL017,"HP 218B",2,2394.6,2394.6,74.5,64.45,2394.6,90.1,6.0,0.7,NULL
315,HSL017,"HP 218B",2,2394.6,2394.6,74.5,98.6,2394.6,90.1,6.0,0.7,NULL
316,HSL017,"HP 218B",2,2394.6,2394.6,75.5,56.45,2394.6,90.3,6.0,0.6,NULL
317,HSL017,"HP 218B",2,2394.6,2394.6,74.5,67.4,2394.6,89.9,6.0,0.7,NULL
318,HSL017,"HP 218B",2,2394.6,2394.6,74.0,73.8,2394.6,89.8,6.0,0.7,NULL
319,HSL017,"HP 218B",2,2394.6,2394.6,75.0,89.45,2394.6,89.8,6.0,0.7,NULL
320,HSL017,"HP 218B",2,2394.6,2394.6,74.0,71.85,2394.6,90.0,6.0,0.7,NULL
321,HSL017,"HP 218B",2,2394.6,2394.6,74.5,59.95,2394.6,90.2,6.0,0.7,NULL
322,HSL017,"HP 218B",2,2394.6,2394.6,73.0,39.65,2394.6,89.4,6.0,0.7,NULL
323,HSL017,"HP 218B",2,2394.6,2394.6,73.0,54.1,2394.6,89.3,5.9,0.7,NULL
324,HSL017,"HP 218B",2,2394.6,2394.6,73.5,49.8,2394.6,89.3,5.9,0.7,NULL
325,HSL017,"HP 218B",2,2394.6,2394.6,74.5,76.35,2394.6,89.5,6.0,0.7,NULL
326,HSL017,"HP 218B",2,2394.6,2394.6,73.0,57.85,2394.6,89.3,5.9,0.7,NULL
327,HSL017,"HP 218B",2,2394.6,2394.6,72.0,40.8,2394.6,89.9,6.0,0.7,NULL
328,HSL017,"HP 218B",2,2394.6,2394.6,74.0,52.35,2394.6,89.6,6.0,0.7,NULL
329,HSL017,"HP 218B",2,2394.6,2394.6,72.5,43.4,2394.6,89.3,5.9,0.7,NULL
330,HSL017,"HP 218B",2,2394.6,2394.6,72.5,53.5,2394.6,89.2,5.9,0.7,NULL
331,HSL017,"HP 218B",2,2394.6,2394.6,71.0,49.0,2394.6,89.2,5.9,0.7,NULL
332,HSL017,"HP 218B",2,1197.3,2394.6,71.0,46.85,1795.95,89.2,5.9,0.7,NULL
333,HSL017,"HP 218B",2,2394.6,2394.6,72.0,39.8,2394.6,89.2,5.9,0.7,NULL
334,HSL017,"HP 218B",2,2394.6,2394.6,73.0,41.4,2394.6,89.2,5.9,0.7,NULL
335,HSL017,"HP 218B",2,2394.6,2394.6,71.0,28.3,2394.6,89.2,5.9,0.7,NULL
336,HSL017,"HP 218B",2,1197.3,2394.6,70.5,35.0,1795.95,89.2,5.9,0.7,NULL
337,HSL017,"HP 218B",2,2394.6,2394.6,72.0,45.3,2394.6,89.4,6.0,0.7,NULL
338,HSL017,"HP 218B",2,2394.6,2394.6,71.0,33.6,2394.6,89.2,5.9,0.7,NULL
339,HSL017,"HP 218B",2,2394.6,2394.6,70.0,36.5,2394.6,89.4,6.0,0.7,NULL
340,HSL017,"HP 218B",2,2394.6,2394.6,71.5,43.35,2394.6,89.4,6.0,0.7,NULL
341,HSL017,"HP 218B",2,2394.6,2394.6,72.0,54.3,2394.6,89.3,5.9,0.7,NULL
342,HSL017,"HP 218B",2,2394.6,2394.6,72.0,59.55,2394.6,89.6,6.0,0.7,NULL
343,HSL017,"HP 218B",2,2394.6,2394.6,70.5,45.1,2394.6,89.4,6.0,0.7,NULL
344,HSL017,"HP 218B",2,2394.6,2394.6,71.0,56.25,2394.6,89.4,6.0,0.7,NULL
345,HSL017,"HP 218B",2,2394.6,2394.6,72.0,42.75,2394.6,89.2,5.9,0.7,NULL
346,HSL017,"HP 218B",2,2394.6,2394.6,70.0,43.4,2394.6,89.6,6.0,0.7,NULL
347,HSL017,"HP 218B",2,2394.6,2394.6,71.5,45.9,2394.6,89.5,6.0,0.7,NULL
348,HSL017,"HP 218B",2,2394.6,2394.6,70.5,47.7,2394.6,89.4,6.0,0.7,NULL
349,HSL017,"HP 218B",2,2394.6,2394.6,71.5,40.65,2394.6,89.2,5.9,0.7,NULL
350,HSL017,"HP 218B",2,1197.3,2394.6,69.5,43.35,1795.95,89.3,5.9,0.7,NULL
351,HSL017,"HP 218B",2,2394.6,2394.6,73.0,54.7,2394.6,89.3,5.9,0.7,NULL
352,HSL017,"HP 218B",2,2394.6,2394.6,70.5,34.2,2394.6,89.4,6.0,0.7,NULL
353,HSL017,"HP 218B",2,2394.6,2394.6,70.0,40.05,2394.6,89.2,5.9,0.7,NULL
354,HSL017,"HP 218B",2,2394.6,2394.6,70.5,34.6,2394.6,89.4,6.0,0.7,NULL
355,HSL017,"HP 218B",2,2394.6,2394.6,70.0,41.2,2394.6,90.0,6.0,0.7,NULL
356,HSL017,"HP 218B",2,2394.6,2394.6,73.0,81.25,2394.6,91.5,6.1,0.6,NULL
357,HSL017,"HP 218B",2,2394.6,2394.6,71.0,41.0,2394.6,90.8,6.0,0.6,NULL
358,HSL017,"HP 218B",2,2394.6,2394.6,71.5,54.5,2394.6,90.8,6.0,0.6,NULL
359,HSL017,"HP 218B",2,2394.6,2394.6,71.0,58.4,2394.6,89.6,6.0,0.7,NULL
360,HSL017,"HP 218B",2,2394.6,2394.6,73.5,93.95,2394.6,90.8,6.0,0.6,NULL
361,HSL017,"HP 218B",2,2394.6,2394.6,73.5,82.0,2394.6,90.9,6.1,0.6,NULL
362,HSL017,"HP 218B",2,2394.6,2394.6,74.0,93.15,2394.6,92.5,6.2,0.5,NULL
363,HSL017,"HP 218B",2,2394.6,2394.6,74.5,98.8,2394.6,92.5,6.2,0.5,NULL
364,HSL017,"HP 218B",2,2394.6,2394.6,73.0,69.55,2394.6,92.4,6.2,0.5,NULL
365,HSL017,"HP 218B",2,2394.6,2394.6,73.5,72.45,2394.6,91.3,6.1,0.6,NULL
366,HSL017,"HP 218B",2,2394.6,2394.6,74.5,72.5,2394.6,90.7,6.0,0.6,NULL
367,HSL017,"HP 218B",2,2394.6,2394.6,75.0,82.6,2394.6,91.1,6.1,0.6,NULL
368,HSL017,"HP 218B",2,2394.6,2394.6,75.5,84.55,2394.6,91.3,6.1,0.6,NULL
369,HSL017,"HP 218B",2,2394.6,2394.6,74.5,81.85,2394.6,91.1,6.1,0.6,NULL
370,HSL017,"HP 218B",2,2394.6,2394.6,75.0,76.0,2394.6,91.1,6.1,0.6,NULL
371,HSL017,"HP 218B",2,2394.6,2394.6,75.0,85.55,2394.6,91.8,6.1,0.5,NULL
372,HSL017,"HP 218B",2,2394.6,2394.6,75.5,83.8,2394.6,91.9,6.1,0.5,NULL
373,HSL017,"HP 218B",2,2394.6,2394.6,74.5,76.2,2394.6,91.4,6.1,0.6,NULL
374,HSL017,"HP 218B",2,2394.6,2394.6,75.0,70.1,2394.6,91.5,6.1,0.6,NULL
375,HSL017,"HP 218B",2,2394.6,2394.6,75.0,75.6,2394.6,91.5,6.1,0.6,NULL
376,HSL017,"HP 218B",2,2394.6,2394.6,74.5,84.0,2394.6,91.5,6.1,0.6,NULL
377,HSL017,"HP 218B",2,2394.6,2394.6,74.5,80.7,2394.6,91.4,6.1,0.6,NULL
378,HSL017,"HP 218B",2,2394.6,2394.6,75.5,85.35,2394.6,91.6,6.1,0.6,NULL
379,HSL017,"HP 218B",2,2394.6,2394.6,75.0,73.45,2394.6,91.6,6.1,0.6,NULL
380,HSL017,"HP 218B",2,2394.6,2394.6,74.5,78.9,2394.6,91.6,6.1,0.6,NULL
381,HSL017,"HP 218B",2,2394.6,2394.6,75.5,82.05,2394.6,91.6,6.1,0.6,NULL
382,HSL017,"HP 218B",2,2394.6,2394.6,76.0,84.0,2394.6,91.6,6.1,0.6,NULL
383,HSL017,"HP 218B",2,2394.6,2394.6,76.0,83.0,2394.6,91.5,6.1,0.6,NULL
384,HSL017,"HP 218B",2,2394.6,2394.6,74.5,85.15,2394.6,91.5,6.1,0.6,NULL
385,HSL017,"HP 218B",2,2394.6,2394.6,75.5,76.95,2394.6,91.5,6.1,0.6,NULL
386,HSL017,"HP 218B",2,2394.6,2394.6,76.5,94.7,2394.6,91.7,6.1,0.6,NULL
387,HSL017,"HP 218B",2,2394.6,2394.6,75.5,89.8,2394.6,91.8,6.1,0.5,NULL
388,HSL017,"HP 218B",2,2394.6,2394.6,75.5,85.35,2394.6,91.4,6.1,0.6,NULL
389,HSL017,"HP 218B",2,2394.6,2394.6,76.0,82.65,2394.6,91.7,6.1,0.6,NULL
390,HSL017,"HP 218B",2,2394.6,2394.6,76.0,77.7,2394.6,91.7,6.1,0.6,NULL
391,HSL017,"HP 218B",2,2394.6,2394.6,75.5,75.4,2394.6,91.5,6.1,0.6,NULL
392,HSL017,"HP 218B",2,2394.6,2394.6,76.5,80.7,2394.6,91.5,6.1,0.6,NULL
393,HSL017,"HP 218B",2,2394.6,2394.6,77.0,84.55,2394.6,91.4,6.1,0.6,NULL
394,HSL017,"HP 218B",2,2394.6,2394.6,76.0,86.55,2394.6,91.4,6.1,0.6,NULL
395,HSL017,"HP 218B",2,2394.6,2394.6,77.5,79.5,2394.6,91.5,6.1,0.6,NULL
396,HSL017,"HP 218B",2,2394.6,2394.6,76.5,87.3,2394.6,91.5,6.1,0.6,NULL
397,HSL017,"HP 218B",2,2394.6,2394.6,76.0,87.1,2394.6,91.5,6.1,0.6,NULL
398,HSL017,"HP 218B",2,2394.6,2394.6,76.5,79.7,2394.6,91.4,6.1,0.6,NULL
399,HSL017,"HP 218B",2,2394.6,2394.6,75.5,77.15,2394.6,91.5,6.1,0.6,NULL
400,HSL017,"HP 218B",2,2394.6,2394.6,75.0,76.75,2394.6,91.4,6.1,0.6,NULL
401,HSL017,"HP 218B",2,2394.6,2394.6,74.0,65.05,2394.6,92.0,6.1,0.5,NULL
402,HSL017,"HP 218B",2,2394.6,2394.6,74.5,73.05,2394.6,91.5,6.1,0.6,NULL
403,HSL017,"HP 218B",2,2394.6,2394.6,74.0,71.3,2394.6,91.4,6.1,0.6,NULL
404,HSL017,"HP 218B",2,2394.6,2394.6,76.0,66.4,2394.6,91.2,6.1,0.6,NULL
405,HSL017,"HP 218B",2,2394.6,2394.6,76.0,71.7,2394.6,91.2,6.1,0.6,NULL
406,HSL017,"HP 218B",2,2394.6,2394.6,76.0,74.2,2394.6,91.6,6.1,0.6,NULL
407,HSL017,"HP 218B",2,2394.6,2394.6,75.0,82.8,2394.6,91.4,6.1,0.6,NULL
408,HSL017,"HP 218B",2,2394.6,2394.6,76.0,75.4,2394.6,91.2,6.1,0.6,NULL
409,HSL017,"HP 218B",2,2394.6,1197.3,73.5,69.15,1795.95,91.2,6.1,0.6,NULL
410,HSL017,"HP 218B",2,2394.6,2394.6,75.5,72.25,2394.6,91.2,6.1,0.6,NULL
411,HSL017,"HP 218B",2,2394.6,2394.6,74.5,77.3,2394.6,90.7,6.0,0.6,NULL
412,HSL017,"HP 218B",2,2394.6,2394.6,75.5,62.9,2394.6,91.1,6.1,0.6,NULL
413,HSL017,"HP 218B",2,2394.6,2394.6,73.5,44.7,2394.6,90.8,6.0,0.6,NULL
414,HSL017,"HP 218B",2,2394.6,2394.6,74.0,43.95,2394.6,90.5,6.0,0.6,NULL
415,HSL017,"HP 218B",2,2394.6,2394.6,74.5,42.0,2394.6,90.4,6.0,0.6,NULL
416,HSL017,"HP 218B",2,2394.6,2394.6,74.5,96.1,2394.6,91.3,6.1,0.6,NULL
417,HSL017,"HP 218B",2,2394.6,2394.6,75.5,77.95,2394.6,92.0,6.1,0.5,NULL
418,HSL017,"HP 218B",2,2394.6,2394.6,76.0,78.15,2394.6,91.5,6.1,0.6,NULL
419,HSL017,"HP 218B",2,2394.6,2394.6,74.5,55.1,2394.6,91.3,6.1,0.6,NULL
420,HSL017,"HP 218B",2,2394.6,2394.6,74.5,60.15,2394.6,90.8,6.0,0.6,NULL
421,HSL017,"HP 218B",2,2394.6,2394.6,73.5,76.0,2394.6,90.9,6.1,0.6,NULL
422,HSL017,"HP 218B",2,2394.6,2394.6,74.5,50.6,2394.6,90.7,6.0,0.6,NULL
423,HSL017,"HP 218B",2,2394.6,2394.6,73.0,54.5,2394.6,90.9,6.1,0.6,NULL
424,HSL017,"HP 218B",2,2394.6,2394.6,74.0,49.2,2394.6,90.7,6.0,0.6,NULL
425,HSL017,"HP 218B",2,2394.6,2394.6,73.5,63.65,2394.6,90.4,6.0,0.6,NULL
426,HSL017,"HP 218B",2,2394.6,2394.6,73.5,50.4,2394.6,90.4,6.0,0.6,NULL
427,HSL017,"HP 218B",2,2394.6,2394.6,73.0,61.3,2394.6,90.5,6.0,0.6,NULL
428,HSL017,"HP 218B",2,2394.6,2394.6,73.0,43.0,2394.6,90.5,6.0,0.6,NULL
429,HSL017,"HP 218B",2,2394.6,2394.6,74.5,55.1,2394.6,90.5,6.0,0.6,NULL
430,HSL017,"HP 218B",2,1197.3,1197.3,73.5,59.35,1197.3,90.7,6.0,0.6,NULL
431,HSL017,"HP 218B",2,2394.6,2394.6,73.5,48.05,2394.6,90.9,6.1,0.6,NULL
432,HSL017,"HP 218B",2,2394.5,2394.5,74.0,76.95,2394.5,91.0,6.1,0.6,NULL
433,HSL017,"HP 218B",2,2394.6,2394.6,73.5,45.15,2394.6,91.0,6.1,0.6,NULL
434,HSL017,"HP 218B",2,2394.6,2394.6,74.0,68.2,2394.6,91.2,6.1,0.6,NULL
435,HSL017,"HP 218B",2,2394.6,2394.6,73.5,64.05,2394.6,91.9,6.1,0.5,NULL
436,HSL017,"HP 218B",2,2394.6,2394.6,73.0,48.65,2394.6,91.1,6.1,0.6,NULL
437,HSL017,"HP 218B",2,2394.6,2394.6,72.5,52.55,2394.6,91.4,6.1,0.6,NULL
438,HSL017,"HP 218B",2,2394.6,2394.6,73.0,43.2,2394.6,91.3,6.1,0.6,NULL
439,HSL017,"HP 218B",2,2394.6,2394.6,73.0,35.95,2394.6,91.2,6.1,0.6,NULL
440,HSL017,"HP 218B",2,2394.5,2394.5,72.5,46.1,2394.5,91.0,6.1,0.6,NULL
441,HSL017,"HP 218B",2,2394.6,2394.6,56.5,10.95,2394.6,40.9,2.7,3.9,NULL
442,HSL017,"HP 218B",2,1197.3,1197.3,54.0,3.1,1197.3,41.0,2.7,3.9,NULL
443,HSL017,"HP 218B",2,1197.3,1197.3,54.5,14.05,1197.3,41.4,2.8,3.9,NULL
444,HSL017,"HP 218B",2,2394.6,2394.6,54.5,3.7,2394.6,41.3,2.8,3.9,NULL
445,HSL017,"HP 218B",2,1197.3,1197.3,54.0,1.95,1197.3,40.8,2.7,3.9,NULL
446,HSL017,"HP 218B",2,1197.3,1197.3,56.0,5.85,1197.3,40.8,2.7,3.9,NULL
447,HSL017,"HP 218B",2,1197.3,1197.3,57.0,22.25,1197.3,41.3,2.8,3.9,NULL
448,HSL017,"HP 218B",2,1197.3,1197.3,52.5,2.9,1197.3,41.3,2.8,3.9,NULL
449,HSL017,"HP 218B",2,1197.3,1197.3,56.5,9.2,1197.3,41.3,2.8,3.9,NULL
450,HSL017,"HP 218B",2,1197.3,1197.3,54.5,8.8,1197.3,41.3,2.8,3.9,NULL
451,HSL017,"HP 218B",2,2394.6,2394.6,54.5,7.6,2394.6,41.3,2.8,3.9,NULL
452,HSL017,"HP 218B",2,1197.3,1197.3,55.0,23.25,1197.3,41.3,2.8,3.9,NULL
453,HSL017,"HP 218B",2,1197.3,1197.3,57.0,23.65,1197.3,41.5,2.8,3.9,NULL
454,HSL017,"HP 218B",2,1197.3,1197.3,52.0,2.7,1197.3,41.2,2.7,3.9,NULL
455,HSL017,"HP 218B",2,1197.3,1197.3,54.0,0.6,1197.3,41.2,2.7,3.9,NULL
456,HSL017,"HP 218B",2,1197.3,1197.3,51.0,1.15,1197.3,41.2,2.7,3.9,NULL
457,HSL017,"HP 218B",2,1197.3,1197.3,51.0,3.5,1197.3,41.2,2.7,3.9,NULL
458,HSL017,"HP 218B",2,1197.3,1197.3,53.0,3.7,1197.3,41.2,2.7,3.9,NULL
459,HSL017,"HP 218B",2,1197.3,1197.3,50.5,3.1,1197.3,41.2,2.7,3.9,NULL
460,HSL017,"HP 218B",2,1197.3,1197.3,51.0,1.95,1197.3,41.2,2.7,3.9,NULL
461,HSL017,"HP 218B",2,1197.3,1197.3,51.0,3.3,1197.3,41.2,2.7,3.9,NULL
462,HSL017,"HP 218B",2,1197.3,1197.3,52.0,5.65,1197.3,41.2,2.7,3.9,NULL
463,HSL017,"HP 218B",2,2394.6,2394.6,54.5,5.65,2394.6,41.2,2.7,3.9,NULL
464,HSL017,"HP 218B",2,1197.3,1197.3,51.5,1.75,1197.3,41.2,2.7,3.9,NULL
465,HSL017,"HP 218B",2,1197.3,1197.3,52.0,1.75,1197.3,41.2,2.7,3.9,NULL
466,HSL017,"HP 218B",2,2394.6,2394.6,52.0,0.4,2394.6,41.1,2.7,3.9,NULL
467,HSL017,"HP 218B",2,1197.3,1197.3,51.0,3.3,1197.3,41.1,2.7,3.9,NULL
468,HSL017,"HP 218B",2,1197.3,1197.3,53.0,1.75,1197.3,41.1,2.7,3.9,NULL
469,HSL017,"HP 218B",2,2394.6,2394.6,53.5,18.8,2394.6,41.5,2.8,3.9,NULL
470,HSL017,"HP 218B",2,1197.3,1197.3,53.0,16.4,1197.3,42.6,2.8,3.8,NULL
471,HSL017,"HP 218B",2,1197.3,1197.3,54.0,27.15,1197.3,42.7,2.8,3.8,NULL
472,HSL017,"HP 218B",2,2394.6,2394.6,55.5,36.5,2394.6,43.0,2.9,3.8,NULL
473,HSL017,"HP 218B",2,1197.3,1197.3,54.0,3.3,1197.3,43.1,2.9,3.8,NULL
474,HSL017,"HP 218B",2,2394.6,2394.6,56.5,15.05,2394.6,43.2,2.9,3.8,NULL
475,HSL017,"HP 218B",2,1197.3,1197.3,53.0,12.5,1197.3,43.2,2.9,3.8,NULL
476,HSL017,"HP 218B",2,1197.3,1197.3,53.0,5.5,1197.3,43.1,2.9,3.8,NULL
477,HSL017,"HP 218B",2,2394.6,2394.6,54.5,1.4,2394.6,43.1,2.9,3.8,NULL
478,HSL017,"HP 218B",2,1197.3,1197.3,55.5,5.65,1197.3,43.1,2.9,3.8,NULL
479,HSL017,"HP 218B",2,1197.3,1197.3,54.0,8.0,1197.3,43.2,2.9,3.8,NULL
480,HSL017,"HP 218B",2,2394.6,2394.6,53.5,4.7,2394.6,43.2,2.9,3.8,NULL
481,HSL017,"HP 218B",2,2394.6,2394.6,55.0,14.65,2394.6,43.2,2.9,3.8,NULL
482,HSL017,"HP 218B",2,1197.3,1197.3,55.5,12.5,1197.3,43.3,2.9,3.8,NULL
483,HSL017,"HP 218B",2,2394.6,2394.6,55.5,15.25,2394.6,43.3,2.9,3.8,NULL
484,HSL017,"HP 218B",2,2394.6,2394.6,56.5,16.0,2394.6,43.2,2.9,3.8,NULL
485,HSL017,"HP 218B",2,2394.6,2394.6,56.0,23.05,2394.6,43.2,2.9,3.8,NULL
486,HSL017,"HP 218B",2,1197.3,1197.3,53.0,8.2,1197.3,43.2,2.9,3.8,NULL
487,HSL017,"HP 218B",2,1197.3,1197.3,54.5,4.7,1197.3,43.2,2.9,3.8,NULL
488,HSL017,"HP 218B",2,2394.6,2394.6,55.5,14.1,2394.6,42.9,2.9,3.8,NULL
489,HSL017,"HP 218B",2,2394.6,2394.6,60.0,36.15,2394.6,43.4,2.9,3.8,NULL
490,HSL017,"HP 218B",2,2394.6,2394.6,58.5,45.35,2394.6,45.4,3.0,3.6,NULL
491,HSL017,"HP 218B",2,2394.6,2394.6,58.5,36.1,2394.6,47.1,3.1,3.5,NULL
492,HSL017,"HP 218B",2,2394.6,2394.6,61.5,78.9,2394.6,41.0,2.7,3.9,NULL
493,HSL017,"HP 218B",2,2394.6,1197.3,58.0,33.4,1795.95,45.6,3.0,3.6,NULL
494,HSL017,"HP 218B",2,1197.3,1197.3,56.5,55.85,1197.3,47.5,3.2,3.5,NULL
495,HSL017,"HP 218B",2,2394.6,2394.6,62.5,92.4,2394.6,45.8,3.1,3.6,NULL
496,HSL017,"HP 218B",2,1197.3,1197.3,60.5,20.9,1197.3,45.7,3.0,3.6,NULL
497,HSL017,"HP 218B",2,2394.6,2394.6,61.5,82.05,2394.6,46.6,3.1,3.6,NULL
498,HSL017,"HP 218B",2,2195.0,2195.0,58.5,44.15,2195.0,46.0,3.1,3.6,NULL
499,HSL017,"HP 218B",2,2394.6,2394.6,62.5,62.5,2394.6,44.1,2.9,3.7,NULL
500,HSL017,"HP 218B",2,2394.6,2394.6,63.5,84.15,2394.6,45.6,3.0,3.6,NULL
501,HSL017,"HP 218B",2,2394.6,2394.6,64.5,100.0,2394.6,43.7,2.9,3.7,NULL
502,HSL017,"HP 218B",2,2394.6,2394.6,64.5,79.3,2394.6,42.4,2.8,3.8,NULL
503,HSL017,"HP 218B",2,2394.6,2394.6,61.5,34.55,2394.6,43.1,2.9,3.8,NULL
504,HSL017,"HP 218B",2,2394.6,2394.6,63.5,42.8,2394.6,43.8,2.9,3.7,NULL
505,HSL017,"HP 218B",2,2394.6,2394.6,62.0,34.8,2394.6,44.6,3.0,3.7,NULL
506,HSL017,"HP 218B",2,2394.6,2394.6,63.0,40.4,2394.6,45.3,3.0,3.6,NULL
507,HSL017,"HP 218B",2,2394.7,2394.7,63.0,31.65,2394.7,47.0,3.1,3.5,NULL
508,HSL017,"HP 218B",2,2394.6,2394.6,63.0,35.75,2394.6,49.3,3.3,3.4,NULL
509,HSL017,"HP 218B",2,2394.6,2394.6,65.0,25.4,2394.6,50.8,3.4,3.3,NULL
